[{"model": "admin.logentry", "pk": 1, "fields": {"action_time": "2021-09-02T09:35:14.734Z", "user": 1, "content_type": 7, "object_id": "1", "object_repr": "tokendesign.example.com", "action_flag": 2, "change_message": "[{\"changed\": {\"fields\": [\"Domain name\", \"Display name\"]}}]"}}, {"model": "admin.logentry", "pk": 2, "fields": {"action_time": "2021-09-02T09:50:08.577Z", "user": 1, "content_type": 8, "object_id": "2", "object_repr": "chempearce5@gmail.com", "action_flag": 1, "change_message": "[{\"added\": {}}]"}}, {"model": "admin.logentry", "pk": 3, "fields": {"action_time": "2021-09-03T13:18:58.032Z", "user": 1, "content_type": 13, "object_id": "1", "object_repr": "Bedroom", "action_flag": 1, "change_message": "[{\"added\": {}}]"}}, {"model": "admin.logentry", "pk": 4, "fields": {"action_time": "2021-09-03T13:21:09.638Z", "user": 1, "content_type": 14, "object_id": "1", "object_repr": "Duvet Cover", "action_flag": 1, "change_message": "[{\"added\": {}}]"}}, {"model": "admin.logentry", "pk": 5, "fields": {"action_time": "2021-09-03T13:24:59.177Z", "user": 1, "content_type": 14, "object_id": "1", "object_repr": "Duvet Cover", "action_flag": 2, "change_message": "[]"}}, {"model": "admin.logentry", "pk": 6, "fields": {"action_time": "2021-09-03T13:26:27.188Z", "user": 1, "content_type": 13, "object_id": "2", "object_repr": "bedding", "action_flag": 1, "change_message": "[{\"added\": {}}]"}}, {"model": "admin.logentry", "pk": 7, "fields": {"action_time": "2021-09-03T13:56:51.003Z", "user": 1, "content_type": 13, "object_id": "3", "object_repr": "Furniture", "action_flag": 1, "change_message": "[{\"added\": {}}]"}}, {"model": "admin.logentry", "pk": 8, "fields": {"action_time": "2021-09-03T13:57:45.306Z", "user": 1, "content_type": 13, "object_id": "3", "object_repr": "furniture", "action_flag": 2, "change_message": "[{\"changed\": {\"fields\": [\"Name\", \"Friendly name\"]}}]"}}, {"model": "admin.logentry", "pk": 9, "fields": {"action_time": "2021-09-03T13:58:00.842Z", "user": 1, "content_type": 13, "object_id": "2", "object_repr": "bedding", "action_flag": 2, "change_message": "[]"}}, {"model": "admin.logentry", "pk": 10, "fields": {"action_time": "2021-09-03T13:58:26.425Z", "user": 1, "content_type": 13, "object_id": "1", "object_repr": "Bedroom", "action_flag": 3, "change_message": ""}}, {"model": "admin.logentry", "pk": 11, "fields": {"action_time": "2021-09-03T13:58:52.154Z", "user": 1, "content_type": 13, "object_id": "4", "object_repr": "towels", "action_flag": 1, "change_message": "[{\"added\": {}}]"}}, {"model": "admin.logentry", "pk": 12, "fields": {"action_time": "2021-09-03T13:59:14.788Z", "user": 1, "content_type": 13, "object_id": "5", "object_repr": "essentials", "action_flag": 1, "change_message": "[{\"added\": {}}]"}}, {"model": "admin.logentry", "pk": 13, "fields": {"action_time": "2021-09-03T19:36:17.245Z", "user": 1, "content_type": 13, "object_id": "6", "object_repr": "rugs", "action_flag": 1, "change_message": "[{\"added\": {}}]"}}, {"model": "admin.logentry", "pk": 14, "fields": {"action_time": "2021-09-03T19:36:41.098Z", "user": 1, "content_type": 14, "object_id": "2", "object_repr": "Victorian Rug", "action_flag": 1, "change_message": "[{\"added\": {}}]"}}, {"model": "admin.logentry", "pk": 15, "fields": {"action_time": "2021-09-03T19:40:58.576Z", "user": 1, "content_type": 14, "object_id": "3", "object_repr": "Zig Zag Rug", "action_flag": 1, "change_message": "[{\"added\": {}}]"}}, {"model": "admin.logentry", "pk": 16, "fields": {"action_time": "2021-09-03T19:42:12.823Z", "user": 1, "content_type": 13, "object_id": "7", "object_repr": "crokery", "action_flag": 1, "change_message": "[{\"added\": {}}]"}}, {"model": "admin.logentry", "pk": 17, "fields": {"action_time": "2021-09-03T19:43:54.703Z", "user": 1, "content_type": 14, "object_id": "4", "object_repr": "Multi Coloured Plates", "action_flag": 1, "change_message": "[{\"added\": {}}]"}}, {"model": "admin.logentry", "pk": 18, "fields": {"action_time": "2021-09-03T19:45:51.183Z", "user": 1, "content_type": 14, "object_id": "5", "object_repr": "Cotton Towels", "action_flag": 1, "change_message": "[{\"added\": {}}]"}}, {"model": "admin.logentry", "pk": 19, "fields": {"action_time": "2021-09-03T19:48:52.036Z", "user": 1, "content_type": 14, "object_id": "6", "object_repr": "White Desk", "action_flag": 1, "change_message": "[{\"added\": {}}]"}}, {"model": "admin.logentry", "pk": 20, "fields": {"action_time": "2021-09-03T19:49:33.581Z", "user": 1, "content_type": 13, "object_id": "8", "object_repr": "living_room_furniture", "action_flag": 1, "change_message": "[{\"added\": {}}]"}}, {"model": "admin.logentry", "pk": 21, "fields": {"action_time": "2021-09-03T19:49:55.447Z", "user": 1, "content_type": 13, "object_id": "4", "object_repr": "towels", "action_flag": 3, "change_message": ""}}, {"model": "admin.logentry", "pk": 22, "fields": {"action_time": "2021-09-03T19:52:31.329Z", "user": 1, "content_type": 14, "object_id": "7", "object_repr": "Bed Pillow Set", "action_flag": 1, "change_message": "[{\"added\": {}}]"}}, {"model": "admin.logentry", "pk": 23, "fields": {"action_time": "2021-09-03T19:54:26.506Z", "user": 1, "content_type": 14, "object_id": "8", "object_repr": "Victorian Bedroom Rug", "action_flag": 1, "change_message": "[{\"added\": {}}]"}}, {"model": "admin.logentry", "pk": 24, "fields": {"action_time": "2021-09-03T19:55:41.235Z", "user": 1, "content_type": 14, "object_id": "9", "object_repr": "Duvet Set", "action_flag": 1, "change_message": "[{\"added\": {}}]"}}, {"model": "admin.logentry", "pk": 25, "fields": {"action_time": "2021-09-03T19:56:57.847Z", "user": 1, "content_type": 14, "object_id": "10", "object_repr": "White Duvet Set", "action_flag": 1, "change_message": "[{\"added\": {}}]"}}, {"model": "admin.logentry", "pk": 26, "fields": {"action_time": "2021-09-03T19:58:20.238Z", "user": 1, "content_type": 14, "object_id": "11", "object_repr": "Duvet Set", "action_flag": 1, "change_message": "[{\"added\": {}}]"}}, {"model": "admin.logentry", "pk": 27, "fields": {"action_time": "2021-09-03T20:00:34.486Z", "user": 1, "content_type": 14, "object_id": "12", "object_repr": "Mirror", "action_flag": 1, "change_message": "[{\"added\": {}}]"}}, {"model": "admin.logentry", "pk": 28, "fields": {"action_time": "2021-09-03T20:01:58.568Z", "user": 1, "content_type": 14, "object_id": "13", "object_repr": "Heart Shaped Bowels", "action_flag": 1, "change_message": "[{\"added\": {}}]"}}, {"model": "admin.logentry", "pk": 29, "fields": {"action_time": "2021-09-03T20:03:54.058Z", "user": 1, "content_type": 14, "object_id": "14", "object_repr": "Dining Table", "action_flag": 1, "change_message": "[{\"added\": {}}]"}}, {"model": "admin.logentry", "pk": 30, "fields": {"action_time": "2021-09-03T20:05:23.765Z", "user": 1, "content_type": 14, "object_id": "15", "object_repr": "Dining Table", "action_flag": 1, "change_message": "[{\"added\": {}}]"}}, {"model": "admin.logentry", "pk": 31, "fields": {"action_time": "2021-09-03T20:06:56.785Z", "user": 1, "content_type": 14, "object_id": "16", "object_repr": "Dining Table", "action_flag": 1, "change_message": "[{\"added\": {}}]"}}, {"model": "admin.logentry", "pk": 32, "fields": {"action_time": "2021-09-03T20:08:19.426Z", "user": 1, "content_type": 14, "object_id": "17", "object_repr": "Christmas Plate Set", "action_flag": 1, "change_message": "[{\"added\": {}}]"}}, {"model": "admin.logentry", "pk": 33, "fields": {"action_time": "2021-09-03T20:09:53.665Z", "user": 1, "content_type": 14, "object_id": "18", "object_repr": "Coffee Cup And Pot Set", "action_flag": 1, "change_message": "[{\"added\": {}}]"}}, {"model": "admin.logentry", "pk": 34, "fields": {"action_time": "2021-09-03T20:11:15.077Z", "user": 1, "content_type": 14, "object_id": "19", "object_repr": "White Couch", "action_flag": 1, "change_message": "[{\"added\": {}}]"}}, {"model": "admin.logentry", "pk": 35, "fields": {"action_time": "2021-09-03T20:14:37.751Z", "user": 1, "content_type": 14, "object_id": "20", "object_repr": "Side Table", "action_flag": 1, "change_message": "[{\"added\": {}}]"}}, {"model": "admin.logentry", "pk": 36, "fields": {"action_time": "2021-09-03T20:16:03.622Z", "user": 1, "content_type": 14, "object_id": "21", "object_repr": "China Set", "action_flag": 1, "change_message": "[{\"added\": {}}]"}}, {"model": "admin.logentry", "pk": 37, "fields": {"action_time": "2021-09-03T20:17:19.844Z", "user": 1, "content_type": 14, "object_id": "22", "object_repr": "Metal Bowels", "action_flag": 1, "change_message": "[{\"added\": {}}]"}}, {"model": "admin.logentry", "pk": 38, "fields": {"action_time": "2021-09-03T20:18:56.781Z", "user": 1, "content_type": 14, "object_id": "23", "object_repr": "Bedroom Desk", "action_flag": 1, "change_message": "[{\"added\": {}}]"}}, {"model": "admin.logentry", "pk": 39, "fields": {"action_time": "2021-09-03T20:20:27.160Z", "user": 1, "content_type": 14, "object_id": "24", "object_repr": "Rug", "action_flag": 1, "change_message": "[{\"added\": {}}]"}}, {"model": "admin.logentry", "pk": 40, "fields": {"action_time": "2021-09-03T20:21:36.970Z", "user": 1, "content_type": 14, "object_id": "25", "object_repr": "China Tea Pot Set", "action_flag": 1, "change_message": "[{\"added\": {}}]"}}, {"model": "admin.logentry", "pk": 41, "fields": {"action_time": "2021-09-03T20:23:14.946Z", "user": 1, "content_type": 14, "object_id": "26", "object_repr": "Victorian Style Cup And Saucer", "action_flag": 1, "change_message": "[{\"added\": {}}]"}}, {"model": "admin.logentry", "pk": 42, "fields": {"action_time": "2021-09-03T20:24:19.788Z", "user": 1, "content_type": 14, "object_id": "27", "object_repr": "Rug", "action_flag": 1, "change_message": "[{\"added\": {}}]"}}, {"model": "admin.logentry", "pk": 43, "fields": {"action_time": "2021-09-03T20:24:43.425Z", "user": 1, "content_type": 14, "object_id": "26", "object_repr": "Victorian Style Cup And Saucer", "action_flag": 2, "change_message": "[{\"changed\": {\"fields\": [\"Category\"]}}]"}}, {"model": "admin.logentry", "pk": 44, "fields": {"action_time": "2021-09-03T20:24:52.903Z", "user": 1, "content_type": 14, "object_id": "27", "object_repr": "Rug", "action_flag": 2, "change_message": "[{\"changed\": {\"fields\": [\"Sku\"]}}]"}}, {"model": "admin.logentry", "pk": 45, "fields": {"action_time": "2021-09-03T20:26:00.283Z", "user": 1, "content_type": 14, "object_id": "28", "object_repr": "Desk", "action_flag": 1, "change_message": "[{\"added\": {}}]"}}, {"model": "admin.logentry", "pk": 46, "fields": {"action_time": "2021-09-03T20:27:45.899Z", "user": 1, "content_type": 14, "object_id": "29", "object_repr": "Sushi Boat", "action_flag": 1, "change_message": "[{\"added\": {}}]"}}, {"model": "admin.logentry", "pk": 47, "fields": {"action_time": "2021-09-03T20:30:03.176Z", "user": 1, "content_type": 14, "object_id": "30", "object_repr": "Wooden Utensils Holder", "action_flag": 1, "change_message": "[{\"added\": {}}]"}}, {"model": "admin.logentry", "pk": 48, "fields": {"action_time": "2021-09-03T20:31:15.429Z", "user": 1, "content_type": 14, "object_id": "31", "object_repr": "Round Chopping Board", "action_flag": 1, "change_message": "[{\"added\": {}}]"}}, {"model": "admin.logentry", "pk": 49, "fields": {"action_time": "2021-09-03T20:32:55.597Z", "user": 1, "content_type": 14, "object_id": "32", "object_repr": "Bronze Saucepans", "action_flag": 1, "change_message": "[{\"added\": {}}]"}}, {"model": "admin.logentry", "pk": 50, "fields": {"action_time": "2021-09-03T20:34:47.509Z", "user": 1, "content_type": 14, "object_id": "33", "object_repr": "Wooden Spoon Set", "action_flag": 1, "change_message": "[{\"added\": {}}]"}}, {"model": "admin.logentry", "pk": 51, "fields": {"action_time": "2021-09-10T08:06:21.566Z", "user": 1, "content_type": 15, "object_id": "3", "object_repr": "78F15A465E824FBDBDF713E1884EAABE", "action_flag": 2, "change_message": "[{\"deleted\": {\"name\": \"order line item\", \"object\": \"SKU 12 on order 78F15A465E824FBDBDF713E1884EAABE\"}}]"}}, {"model": "admin.logentry", "pk": 52, "fields": {"action_time": "2021-09-10T08:09:29.373Z", "user": 1, "content_type": 15, "object_id": "3", "object_repr": "78F15A465E824FBDBDF713E1884EAABE", "action_flag": 3, "change_message": ""}}, {"model": "admin.logentry", "pk": 53, "fields": {"action_time": "2021-09-10T08:12:23.929Z", "user": 1, "content_type": 15, "object_id": "2", "object_repr": "B9C7CA382DC6440780E619B90A13FECA", "action_flag": 2, "change_message": "[{\"deleted\": {\"name\": \"order line item\", \"object\": \"SKU 6 on order B9C7CA382DC6440780E619B90A13FECA\"}}]"}}, {"model": "admin.logentry", "pk": 54, "fields": {"action_time": "2021-09-11T12:33:31.656Z", "user": 1, "content_type": 8, "object_id": "2", "object_repr": "chempearce5@gmail.com", "action_flag": 2, "change_message": "[]"}}, {"model": "auth.user", "pk": 1, "fields": {"password": "pbkdf2_sha256$260000$T73btME6yRnqIDFF3OmeeZ$JkwUFEBy0PpDipT/kBmyXh0Z+CmsNi6nbyFsv+i84EI=", "last_login": "2021-09-09T20:42:13.880Z", "is_superuser": true, "username": "chem", "first_name": "", "last_name": "", "email": "chempearce1@hotmail.com", "is_staff": true, "is_active": true, "date_joined": "2021-09-01T20:25:17.337Z", "groups": [], "user_permissions": []}}, {"model": "sessions.session", "pk": "694ailx785tkelfmq81h8ksjkf6mfnko", "fields": {"session_data": "eyJzaG9wcGluZ19jYXJ0Ijp7IjYiOjEzfX0:1mNcwH:mIC00hzkWZGrFdeJB7x9XX2INZZ7-uchB4p40BAQYOA", "expire_date": "2021-09-21T15:23:09.674Z"}}, {"model": "sessions.session", "pk": "74qzzfxznucqp832jzus8st0mhlpp1n3", "fields": {"session_data": "eyJzaG9wcGluZ19jYXJ0Ijp7IjI4IjoxMX19:1mNdpF:D1_4DgpSqUvxh1pmOt6fAifqejkvf4QzbBdu4cYUITs", "expire_date": "2021-09-21T16:19:57.176Z"}}, {"model": "sessions.session", "pk": "9o525pw9siz2f4r5te4pvqkjsitdzend", "fields": {"session_data": ".eJxVjDkOgzAUBe_ya2R5xY7L9DmD9b2ASSIbYagQd0-QaGjfzLwdWq7zPJXRBVxWsDtIsKwDJsDKowOH25rd1tLipggWGNw2j-GTygniG8tYSahlXSZPToVctJFXjen7vNzbQcaW_3XSRrCYAu2lDvQhJNciedlT6qUegmLIkT5QDTHpZIJRinnKmZEmas60h-MHpVtAcg:1mNvyS:V9xg0sg_mO3CyYkZgWAHeRQqUkzBf23-JmeYa_ZX9Q8", "expire_date": "2021-09-22T11:42:40.298Z"}}, {"model": "sessions.session", "pk": "a6nud10joffuarpm2p8ez98wdi711pcj", "fields": {"session_data": ".eJxVjMEOgyAQBf9lzw0BBEGPvfcbyAKr2DZgRE_Gf29NvHh9M_N2qKnM85RHF3BZod-hg14cD3C4rcltlRY3RehBwG3zGD6UTxDfmMfCQsnrMnl2Kuyilb1KpO_zcm8HCWv612RsIyIF3ioTeNcoaRryquXcKzMELVAi71APkQzZYLUWnkthlY1GCuPh-AGVFj81:1mOOwg:TskNi-162ZW5CHa3pdmSLgEWKjA29tJWpNPj_P-vfbY", "expire_date": "2021-09-23T18:38:46.585Z"}}, {"model": "sessions.session", "pk": "c10iwjwewq459gylo8m84i9n7to0rwen", "fields": {"session_data": "eyJzaG9wcGluZ19jYXJ0Ijp7IjYiOjZ9fQ:1mNXBm:IuXlXM4p2g6W05mpR0QGgBrfDBCOLELyif7YAHiSbwQ", "expire_date": "2021-09-21T09:14:46.103Z"}}, {"model": "sessions.session", "pk": "grtikosluhm4zgamw4p421eh2a2olbo4", "fields": {"session_data": "eyJzaG9wcGluZ19jYXJ0Ijp7IjIiOjI1fX0:1mNcwf:YP8RIhqzLTheSIMw9t7cBPJraYFzFqtFhy-Fh4Pt91I", "expire_date": "2021-09-21T15:23:33.194Z"}}, {"model": "sessions.session", "pk": "hty41ewg8jdi44d00qoflgj6vcimayqu", "fields": {"session_data": ".eJxVjDkOgzAUBe_ya2R5xY7L9DmD9b2ASSIbYagQd0-QaGjfzLwdWq7zPJXRBVxWsDtwAZbLDiRYdnTgcFuz21pa3BTBAoPb5jF8UjlBfGMZKwm1rMvkyamQizbyqjF9n5d7O8jY8r9O2ggWU6C91IE-hORaJC97Sr3UQ1AMOdIHqiEmnUwwSjFPOTPSRM2Z9nD8ANEmQKU:1mNhmU:36LUhQm8FDzOAo9Pt0_LvJeYqRoPF3RpftGlZcAxmzg", "expire_date": "2021-09-21T20:33:22.389Z"}}, {"model": "sessions.session", "pk": "lg4mdjb2gk900d7spb7tftpp0o0oxzi7", "fields": {"session_data": ".eJxVjDsOgzAQBe-ydWT5iw1l-pzBWtsLJokMwlAh7p4g0dC-mXk71DzN81gGH3FZodtBKujU8QCP25r9VmnxY4IOBNy2gPFD5QTpjWWYWJzKuoyBnQq7aGWvKdH3ebm3g4w1_2uyTolEkTfaRt4qLa2ioBvOg7Z9NAIl8hZNn8iSi84YEbgUTrtkpbABjh-76j9j:1mNbHD:IjNZRXYR4vgGQAl-wenHE7M555yrrpUMbHcvWWT34Pk", "expire_date": "2021-09-21T13:36:39.220Z"}}, {"model": "sessions.session", "pk": "n100sx4brkkscyzo4p26mt0dthxfrod3", "fields": {"session_data": "eyJzaG9wcGluZ19jYXJ0Ijp7IjYiOjR9fQ:1mNvKU:e3WQ_L4lNdJiLi91mgMwmw3jbmp17Ox8UmMo88JYLsw", "expire_date": "2021-09-22T11:01:22.165Z"}}, {"model": "sessions.session", "pk": "po2d8g9083ku5hic8mv70ph5u3k38nec", "fields": {"session_data": "eyJzaG9wcGluZ19jYXJ0Ijp7IjEyIjoyLCIxMyI6MX19:1mNXwk:oNNAp3XzrXs0HtQ9bJHVzk0-f3rv5xrUkUZN0qskFsA", "expire_date": "2021-09-21T10:03:18.615Z"}}, {"model": "sessions.session", "pk": "rkrg4f6vwrb8tg221w93m1ua32k5ggkd", "fields": {"session_data": ".eJxVjMEOgyAQBf9lz40BRUGPvfcbyAKr0DZgQHsx_ns18eL1zbzZoOCPdIhjgmHJKz1A47p4vRbKOjgYgMNtM2g_FE_g3hinVNkUlxxMdSrVRUv1So6-z8u9BTwWf7xJqoY7sqwT0rK-EbVsyIiOMSPkaFuONbIe29GRJGVV23LDaq6EcrLm0hzR4tM8hzhpi3mBYQPewMD3_Q-O7UWE:1mP2CJ:ayO5oNH51eltQ5DaFJbbiZJ0jMF9crj3Yn-zqeiYUlQ", "expire_date": "2021-09-25T12:33:31.825Z"}}, {"model": "sessions.session", "pk": "rv5vk9u7vbjde5kw72yhw3c8ilzmdwka", "fields": {"session_data": "eyJzaG9wcGluZ19jYXJ0Ijp7IjEzIjo2LCIyOCI6MiwiMyI6MSwiMSI6MSwiOSI6MX19:1mNus8:4jhteT-7QrH65eQwXEof5a01Cqkwze7B6_8p8sAMz-0", "expire_date": "2021-09-22T10:32:04.107Z"}}, {"model": "sessions.session", "pk": "s3q6xemcw9vegska0xg3dsar6vlvjcjl", "fields": {"session_data": ".eJxVjMsOgyAUBf_lrgkBBEGW3fcbyOVhsW3AiK6M_96auHF7Zubs0HKd56m8XMBlBbsD12AHAhKsJCAU2I4AN2DFQcDhtma3tbS4KYIFDrfNY_ikcoL4xvKqNNSyLpOnp0Iv2uizxvR9XO7tIGPL_zpp0_GYAuulDmzopNBd8rJnzEs9BsVRIBtQjTHpZIJRinsmuJEmasG1h-MH8-BDBw:1mNuXz:WmbMLJKTHVhvlGROjDnBhvorXKcicvtOuv9pbTINJKg", "expire_date": "2021-09-22T10:11:15.200Z"}}, {"model": "sessions.session", "pk": "sn4g1ptx68ifn7kks6xwz42zwekvgalr", "fields": {"session_data": ".eJxVjkEOgyAURO_C2hBAEGTZfc9APvAV2waM6Mp492riot3Om3mZnTjY1uS2ioubIrGEk-Y38xDemC8QX5DHQkPJ6zJ5elXoTSt9loifx939EySo6VyjNi2PGFgndWB9K4Vu0cuOMS_1EBQHAawHNUTUaIJRinsmuJEmasG1P6U1lXme8ugCLCuxO-mI5c152PLj-ALdhkA-:1mOFNP:xJO8padD9ZfijNeyYBVca1A_6qb_-cYvP2eLXH5_aHA", "expire_date": "2021-09-23T08:25:43.627Z"}}, {"model": "sites.site", "pk": 1, "fields": {"domain": "tokendesign.example.com", "name": "Token Design"}}, {"model": "account.emailaddress", "pk": 1, "fields": {"user": 1, "email": "chempearce1@hotmail.com", "verified": false, "primary": false}}, {"model": "account.emailaddress", "pk": 2, "fields": {"user": 1, "email": "chempearce5@gmail.com", "verified": true, "primary": true}}, {"model": "products.category", "pk": 2, "fields": {"name": "bedding", "friendly_name": "Bedding"}}, {"model": "products.category", "pk": 3, "fields": {"name": "furniture", "friendly_name": "Furniture"}}, {"model": "products.category", "pk": 5, "fields": {"name": "essentials", "friendly_name": "Essentials"}}, {"model": "products.category", "pk": 6, "fields": {"name": "rugs", "friendly_name": "Rugs"}}, {"model": "products.category", "pk": 7, "fields": {"name": "crokery", "friendly_name": "Crokery"}}, {"model": "products.category", "pk": 8, "fields": {"name": "living_room_furniture", "friendly_name": "Living Room Furniture"}}, {"model": "products.product", "pk": 1, "fields": {"category": null, "sku": "3333", "name": "Duvet Cover", "description": "Silk duvet cover set for summer months", "price": "49.99", "rating": "4.00", "image_url": null, "image": "bed-4769147_640.jpg"}}, {"model": "products.product", "pk": 2, "fields": {"category": 6, "sku": "1", "name": "Victorian Rug", "description": "Victorian style rug with fringe", "price": "60.99", "rating": "5.00", "image_url": null, "image": "apartment-1835482_640.jpg"}}, {"model": "products.product", "pk": 3, "fields": {"category": 6, "sku": "2", "name": "Zig Zag Rug", "description": "Zig zag rug in black and grey", "price": "30.99", "rating": "4.00", "image_url": null, "image": "apartment-2558277_640.jpg"}}, {"model": "products.product", "pk": 4, "fields": {"category": 7, "sku": "3", "name": "Multi Coloured Plates", "description": "Different coloured plates for dining, oven safe.", "price": "20.99", "rating": "4.00", "image_url": null, "image": "background-3224498_640.jpg"}}, {"model": "products.product", "pk": 5, "fields": {"category": null, "sku": "4", "name": "Cotton Towels", "description": "Cotton white towels, twin set with black and grey stripes.", "price": "15.99", "rating": "5.00", "image_url": null, "image": "bathroom-1281614_640.jpg"}}, {"model": "products.product", "pk": 6, "fields": {"category": 3, "sku": "5", "name": "White Desk", "description": "Modern white desk for the bedroom, stylish and contemporary.", "price": "70.99", "rating": "5.00", "image_url": null, "image": "bed-1834327_640.jpg"}}, {"model": "products.product", "pk": 7, "fields": {"category": 2, "sku": "6", "name": "Bed Pillow Set", "description": "Multi coloured pillow set for your bed", "price": "40.99", "rating": "4.00", "image_url": null, "image": "bed-1839183_640.jpg"}}, {"model": "products.product", "pk": 8, "fields": {"category": 6, "sku": "7", "name": "Victorian Bedroom Rug", "description": "Victorian style bedroom rug with authentic patterns", "price": "35.99", "rating": "5.00", "image_url": null, "image": "bedroom-558987_640.jpg"}}, {"model": "products.product", "pk": 9, "fields": {"category": 2, "sku": "8", "name": "Duvet Set", "description": "Blue and white duvet set with pattern.", "price": "20.99", "rating": "4.00", "image_url": null, "image": "bedroom-690129_640.jpg"}}, {"model": "products.product", "pk": 10, "fields": {"category": 2, "sku": "9", "name": "White Duvet Set", "description": "White duvet and pillow set king size", "price": "40.99", "rating": "5.00", "image_url": null, "image": "bedroom-5664221_640.jpg"}}, {"model": "products.product", "pk": 11, "fields": {"category": 2, "sku": "10", "name": "Duvet Set", "description": "White and silver duvet set", "price": "35.99", "rating": "5.00", "image_url": null, "image": "bedroom-5772286_640.jpg"}}, {"model": "products.product", "pk": 12, "fields": {"category": 3, "sku": "11", "name": "Mirror", "description": "Mirror", "price": "15.99", "rating": "4.50", "image_url": null, "image": "blank-1868502_640.jpg"}}, {"model": "products.product", "pk": 13, "fields": {"category": 7, "sku": "12", "name": "Heart Shaped Bowels", "description": "Heart Shaped brown bowels", "price": "15.99", "rating": "4.00", "image_url": null, "image": "bowls-2150593_640.jpg"}}, {"model": "products.product", "pk": 14, "fields": {"category": 8, "sku": "13", "name": "Dining Table", "description": "Wooden dining table with 8 velvet chairs in black", "price": "150.99", "rating": "5.00", "image_url": null, "image": "chairs-2181947_640.jpg"}}, {"model": "products.product", "pk": 15, "fields": {"category": 8, "sku": "14", "name": "Dining Table", "description": "Round dining table with 4 chairs", "price": "120.99", "rating": "4.00", "image_url": null, "image": "chairs-2181968_640.jpg"}}, {"model": "products.product", "pk": 16, "fields": {"category": 8, "sku": "15", "name": "Dining Table", "description": "White contemporary dining table with 6 chairs.", "price": "250.00", "rating": "5.00", "image_url": null, "image": "chairs-2181977_640.jpg"}}, {"model": "products.product", "pk": 17, "fields": {"category": 7, "sku": "16", "name": "Christmas Plate Set", "description": "China plate set with Christmas style pattern", "price": "20.99", "rating": "4.50", "image_url": null, "image": "christmas-table-1926936_640.jpg"}}, {"model": "products.product", "pk": 18, "fields": {"category": 7, "sku": "17", "name": "Coffee Cup And Pot Set", "description": "Set of quality coffee cups with jugs to go with it", "price": "45.00", "rating": "4.00", "image_url": null, "image": "coffee-shop-929101_640.jpg"}}, {"model": "products.product", "pk": 19, "fields": {"category": 8, "sku": "18", "name": "White Couch", "description": "One person white couch", "price": "65.00", "rating": "5.00", "image_url": null, "image": "couch-447484_640.jpg"}}, {"model": "products.product", "pk": 20, "fields": {"category": 8, "sku": "20", "name": "Side Table", "description": "Round side table with modern design", "price": "20.99", "rating": "4.00", "image_url": null, "image": "couch-1845270_640.jpg"}}, {"model": "products.product", "pk": 21, "fields": {"category": 7, "sku": "21", "name": "China Set", "description": "Modern design china set with hand painted pattern", "price": "30.00", "rating": "5.00", "image_url": null, "image": "crockery-933658_640.jpg"}}, {"model": "products.product", "pk": 22, "fields": {"category": 7, "sku": "23", "name": "Metal Bowels", "description": "Silver metal bowels", "price": "25.99", "rating": "5.00", "image_url": null, "image": "crockery-1222872_640.jpg"}}, {"model": "products.product", "pk": 23, "fields": {"category": 3, "sku": "24", "name": "Bedroom Desk", "description": "White desk for the bedroom with chair", "price": "150.00", "rating": "5.00", "image_url": null, "image": "desk-1081708_640.jpg"}}, {"model": "products.product", "pk": 24, "fields": {"category": 6, "sku": "25", "name": "Rug", "description": "Old fashioned styled rug for the dining room", "price": "80.99", "rating": "4.00", "image_url": null, "image": "dining-room-397197_640.jpg"}}, {"model": "products.product", "pk": 25, "fields": {"category": 7, "sku": "26", "name": "China Tea Pot Set", "description": "Rose patterned china tea pot set", "price": "30.00", "rating": "5.00", "image_url": null, "image": "dishes-1295599_640.jpg"}}, {"model": "products.product", "pk": 26, "fields": {"category": 7, "sku": "27", "name": "Victorian Style Cup And Saucer", "description": "Victorian style cup and saucer with rustic style", "price": "13.99", "rating": "4.00", "image_url": null, "image": "dishes-3532396_640.jpg"}}, {"model": "products.product", "pk": 27, "fields": {"category": 6, "sku": "28", "name": "Rug", "description": "Fluffy rug in brown", "price": "20.99", "rating": "4.00", "image_url": null, "image": "furniture-998265_640.jpg"}}, {"model": "products.product", "pk": 28, "fields": {"category": 3, "sku": "29", "name": "Desk", "description": "White modern desk", "price": "120.99", "rating": "4.50", "image_url": null, "image": "home-820389_640.jpg"}}, {"model": "products.product", "pk": 29, "fields": {"category": 7, "sku": "30", "name": "Sushi Boat", "description": "Sushi dish with golden design", "price": "25.99", "rating": "5.00", "image_url": null, "image": "sushi-boat-1434862_640.jpg"}}, {"model": "products.product", "pk": 30, "fields": {"category": 5, "sku": "31", "name": "Wooden Utensils Holder", "description": "Wooden utensils holder with home design", "price": "15.00", "rating": "4.00", "image_url": null, "image": "kitchen-3419718_640.jpg"}}, {"model": "products.product", "pk": 31, "fields": {"category": 5, "sku": "32", "name": "Round Chopping Board", "description": "Round wooden chopping board", "price": "10.99", "rating": "3.50", "image_url": null, "image": "knife-5096410_640.jpg"}}, {"model": "products.product", "pk": 32, "fields": {"category": 5, "sku": "33", "name": "Bronze Saucepans", "description": "Rustic saucepans", "price": "35.99", "rating": "4.50", "image_url": null, "image": "saucepans-2912191_640.jpg"}}, {"model": "products.product", "pk": 33, "fields": {"category": 5, "sku": "34", "name": "Wooden Spoon Set", "description": "Quality wooden spoon set", "price": "8.99", "rating": "3.50", "image_url": null, "image": "wooden-spoon-1013566_640.jpg"}}, {"model": "checkout.order", "pk": 1, "fields": {"order_number": "B86E9C9C359E4C4DA6FB96D849A1EF2F", "full_name": "test", "phone_number": "067368382378273", "email": "test@test.com", "country": "test", "postcode": "12345", "town_or_city": "test", "county": "test", "street_address1": "test", "street_address2": "test", "date": "2021-09-09T20:39:25.665Z", "delivery_cost": "0.00", "order_total": "40.99", "grand_total": "40.99", "original_cart": "", "stripe_pid": ""}}, {"model": "checkout.order", "pk": 2, "fields": {"order_number": "B9C7CA382DC6440780E619B90A13FECA", "full_name": "test", "phone_number": "089739817391873", "email": "test@test.com", "country": "test", "postcode": "12345", "town_or_city": "test", "county": "test", "street_address1": "test", "street_address2": "test", "date": "2021-09-09T20:41:38.795Z", "delivery_cost": "0.00", "order_total": "0.00", "grand_total": "0.00", "original_cart": "", "stripe_pid": ""}}, {"model": "checkout.order", "pk": 4, "fields": {"order_number": "1D668AAAA61242F59BC44FE85997EC1E", "full_name": "test", "phone_number": "918287309823", "email": "test@test.com", "country": "test", "postcode": "12345", "town_or_city": "test", "county": "test", "street_address1": "test", "street_address2": "test", "date": "2021-09-10T08:47:02.294Z", "delivery_cost": "1.60", "order_total": "15.99", "grand_total": "17.59", "original_cart": "", "stripe_pid": ""}}, {"model": "checkout.order", "pk": 5, "fields": {"order_number": "E22C01DAFF20463293EC6B19857DED92", "full_name": "test", "phone_number": "69869879879", "email": "test@test.com", "country": "test", "postcode": "test", "town_or_city": "test", "county": "test", "street_address1": "test", "street_address2": "test", "date": "2021-09-10T09:12:51.856Z", "delivery_cost": "1.60", "order_total": "15.99", "grand_total": "17.59", "original_cart": "", "stripe_pid": ""}}, {"model": "checkout.order", "pk": 6, "fields": {"order_number": "83D5E4FAC9184193AFAE829DB3EA76BF", "full_name": "test", "phone_number": "67676758", "email": "test@test.com", "country": "test", "postcode": "12345", "town_or_city": "test", "county": "test", "street_address1": "test", "street_address2": "test", "date": "2021-09-10T09:14:05.235Z", "delivery_cost": "0.00", "order_total": "30.99", "grand_total": "30.99", "original_cart": "", "stripe_pid": ""}}, {"model": "checkout.order", "pk": 7, "fields": {"order_number": "7A4C3E32012B40B1AEE649E2F3490898", "full_name": "test", "phone_number": "7827639173097", "email": "test@test.com", "country": "test", "postcode": "test", "town_or_city": "test", "county": "test", "street_address1": "test", "street_address2": "test", "date": "2021-09-10T09:32:28.700Z", "delivery_cost": "2.10", "order_total": "20.99", "grand_total": "23.09", "original_cart": "", "stripe_pid": ""}}, {"model": "checkout.order", "pk": 8, "fields": {"order_number": "A56F0FFE7E0D4C52A4E3188AB17ADA07", "full_name": "test", "phone_number": "629362370", "email": "test@test.com", "country": "test", "postcode": "test", "town_or_city": "test", "county": "test", "street_address1": "test", "street_address2": "test", "date": "2021-09-10T13:46:22.512Z", "delivery_cost": "2.10", "order_total": "20.99", "grand_total": "23.09", "original_cart": "", "stripe_pid": ""}}, {"model": "checkout.order", "pk": 9, "fields": {"order_number": "771D8E8D922D48DB93007D0F8DE5CD78", "full_name": "test", "phone_number": "669262983792183", "email": "test@test.com", "country": "US", "postcode": "12345", "town_or_city": "test", "county": "test", "street_address1": "test", "street_address2": "test", "date": "2021-09-10T18:10:04.307Z", "delivery_cost": "0.00", "order_total": "49.99", "grand_total": "49.99", "original_cart": "", "stripe_pid": ""}}, {"model": "checkout.order", "pk": 10, "fields": {"order_number": "8D856AB9CF134BE5824355FA9AE35B46", "full_name": "Chem Pearce", "phone_number": "07856608260", "email": "chempearce1@hotmail.com", "country": "US", "postcode": "BN33PF", "town_or_city": "Hove", "county": "Select", "street_address1": "Flat 8", "street_address2": "63 the drive", "date": "2021-09-10T18:15:58.777Z", "delivery_cost": "0.00", "order_total": "60.99", "grand_total": "60.99", "original_cart": "", "stripe_pid": ""}}, {"model": "checkout.order", "pk": 11, "fields": {"order_number": "F97BCFDC154743329EC73D43CE247B2F", "full_name": "Chem Pearce", "phone_number": "07856608260", "email": "test@test.com", "country": "US", "postcode": "BN2 9NA", "town_or_city": "Brighton", "county": "test", "street_address1": "Flat 4, Richmond hou", "street_address2": "test", "date": "2021-09-10T18:22:42.560Z", "delivery_cost": "0.00", "order_total": "30.99", "grand_total": "30.99", "original_cart": "", "stripe_pid": ""}}, {"model": "checkout.order", "pk": 12, "fields": {"order_number": "C57ACFBEE12D47A6ACEEED707851204C", "full_name": "Chem Pearce", "phone_number": "07856608260", "email": "chempearce1@hotmail.com", "country": "US", "postcode": "BN33PF", "town_or_city": "Hove", "county": "Select", "street_address1": "Flat 8", "street_address2": "63 the drive", "date": "2021-09-11T09:10:01.408Z", "delivery_cost": "1.40", "order_total": "13.99", "grand_total": "15.39", "original_cart": "{\"26\": 1}", "stripe_pid": "pi_3JYSDCCQPN1jVqIk03cn8fgd"}}, {"model": "checkout.order", "pk": 13, "fields": {"order_number": "142FE77B37E14F889603EB9B56E36B65", "full_name": "Chem Pearce", "phone_number": "07856608260", "email": "chempearce1@hotmail.com", "country": "US", "postcode": "BN33PF", "town_or_city": "Hove", "county": "Select", "street_address1": "Flat 8", "street_address2": "63 the drive", "date": "2021-09-11T09:42:57.781Z", "delivery_cost": "0.00", "order_total": "30.99", "grand_total": "30.99", "original_cart": "{\"3\": 1}", "stripe_pid": "pi_3JYSjDCQPN1jVqIk0S8PSk9m"}}, {"model": "checkout.orderlineitem", "pk": 1, "fields": {"order": 1, "product": 7, "quantity": 1, "lineitem_total": "40.99"}}, {"model": "checkout.orderlineitem", "pk": 4, "fields": {"order": 4, "product": 13, "quantity": 1, "lineitem_total": "15.99"}}, {"model": "checkout.orderlineitem", "pk": 5, "fields": {"order": 5, "product": 13, "quantity": 1, "lineitem_total": "15.99"}}, {"model": "checkout.orderlineitem", "pk": 6, "fields": {"order": 6, "product": 3, "quantity": 1, "lineitem_total": "30.99"}}, {"model": "checkout.orderlineitem", "pk": 7, "fields": {"order": 7, "product": 17, "quantity": 1, "lineitem_total": "20.99"}}, {"model": "checkout.orderlineitem", "pk": 8, "fields": {"order": 8, "product": 17, "quantity": 1, "lineitem_total": "20.99"}}, {"model": "checkout.orderlineitem", "pk": 9, "fields": {"order": 9, "product": 1, "quantity": 1, "lineitem_total": "49.99"}}, {"model": "checkout.orderlineitem", "pk": 10, "fields": {"order": 10, "product": 2, "quantity": 1, "lineitem_total": "60.99"}}, {"model": "checkout.orderlineitem", "pk": 11, "fields": {"order": 11, "product": 3, "quantity": 1, "lineitem_total": "30.99"}}, {"model": "checkout.orderlineitem", "pk": 12, "fields": {"order": 12, "product": 26, "quantity": 1, "lineitem_total": "13.99"}}, {"model": "checkout.orderlineitem", "pk": 13, "fields": {"order": 13, "product": 3, "quantity": 1, "lineitem_total": "30.99"}}]